avg(pkt_len),stddev(pkt_len),fb_ratio,inter_arrival_time,pkt_count
145.0,-1.0,0.0,-1.0,1
192.0,173.1790980459247,0.5,163.710516,3
498.0,-1.0,0.0,-1.0,1
498.0,-1.0,0.0,-1.0,1
254.0,-1.0,0.0,-1.0,1
145.0,-1.0,0.0,-1.0,1
308.0,-1.0,0.0,-1.0,1
405.0,-1.0,0.0,-1.0,1
246.0,-1.0,0.0,-1.0,1
275.0,-1.0,0.0,-1.0,1
397.0,-1.0,0.0,-1.0,1
498.0,-1.0,0.0,-1.0,1
333.0,-1.0,0.0,-1.0,1
